{
    "name": "pusher",
    "title": "Pusher",
    "description": "See new discussions and posts in real-time using Pusher.",
    "keywords": [],
    "version": "0.1.0-beta.2",
    "author": {
        "name": "Toby Zerner",
        "email": "toby@flarum.org",
        "homepage": "http://tobyzerner.com"
    },
    "license": "MIT",
    "require": {
        "flarum": ">=0.1.0-beta.2"
    },
    "support": {
        "source": "https://github.com/flarum/pusher",
        "issues": "https://github.com/flarum/core/issues"
    },
    "icon": {
        "name": "arrow-right",
        "backgroundColor": "#803A9D",
        "color": "#fff"
    }
}
