{
    "name": "sticky",
    "title": "Sticky",
    "description": "Pin discussions to the top of the list.",
    "keywords": ["moderation"],
    "version": "0.1.0-beta.2",
    "author": {
        "name": "Toby Zerner",
        "email": "toby@flarum.org",
        "homepage": "http://tobyzerner.com"
    },
    "license": "MIT",
    "require": {
        "flarum": ">=0.1.0-beta.2"
    },
    "support": {
        "source": "https://github.com/flarum/sticky",
        "issues": "https://github.com/flarum/core/issues"
    },
    "icon": {
        "name": "thumb-tack",
        "backgroundColor": "#D13E32",
        "color": "#fff"
    }
}
