{
    "name": "emoji",
    "title": "Emoji",
    "description": "Convert text and unicode emoji into Twemoji.",
    "keywords": ["discussions"],
    "version": "0.1.0-beta.2",
    "author": {
        "name": "Toby Zerner",
        "email": "toby@flarum.org",
        "homepage": "http://tobyzerner.com"
    },
    "license": "MIT",
    "require": {
        "flarum": ">=0.1.0-beta.2"
    },
    "support": {
        "source": "https://github.com/flarum/emoji",
        "issues": "https://github.com/flarum/core/issues"
    },
    "icon": {
        "name": "smile-o",
        "backgroundColor": "#FFC700",
        "color": "#000"
    }
}
