{
    "name": "lock",
    "title": "Lock",
    "description": "End a discussion and don't let anyone add further replies.",
    "keywords": ["moderation"],
    "version": "0.1.0-beta.2",
    "author": {
        "name": "Toby Zerner",
        "email": "toby@flarum.org",
        "homepage": "http://tobyzerner.com"
    },
    "license": "MIT",
    "require": {
        "flarum": ">=0.1.0-beta.2"
    },
    "support": {
        "source": "https://github.com/flarum/lock",
        "issues": "https://github.com/flarum/core/issues"
    },
    "icon": {
        "name": "lock",
        "backgroundColor": "#ddd",
        "color": "#666"
    }
}
