{
    "name": "tags",
    "title": "Tags",
    "description": "Organise discussions into a heirarchy of tags and categories.",
    "keywords": ["discussions"],
    "version": "0.1.0-beta.2",
    "author": {
        "name": "Toby Zerner",
        "email": "toby@flarum.org",
        "homepage": "http://tobyzerner.com"
    },
    "license": "MIT",
    "require": {
        "flarum": ">=0.1.0-beta.2"
    },
    "support": {
        "source": "https://github.com/flarum/tags",
        "issues": "https://github.com/flarum/core/issues"
    },
    "icon": {
        "name": "tags",
        "backgroundColor": "#F28326",
        "color": "#fff"
    }
}
