{
    "name": "likes",
    "title": "Likes",
    "description": "Allows users to like posts.",
    "keywords": ["discussions"],
    "version": "0.1.0-beta.2",
    "author": {
        "name": "Toby Zerner",
        "email": "toby@flarum.org",
        "homepage": "http://tobyzerner.com"
    },
    "license": "MIT",
    "require": {
        "flarum": ">=0.1.0-beta.2"
    },
    "support": {
        "source": "https://github.com/flarum/likes",
        "issues": "https://github.com/flarum/core/issues"
    },
    "icon": {
        "name": "thumbs-o-up",
        "backgroundColor": "#3A649D",
        "color": "#fff"
    }
}
